"מק""ט (SKU)",שם מוצר רשמי (קומקס),קטגוריה לוגיסטית,יחידת מידה,סלנג ומילות מפתח לנרמול AI,סיווג וחישוב פקדונות,"משקל יח' (ק""ג)",מחסן מקור ברירת מחדל,שיוך נהג ומשאית ברירת מחדל
10002,"מלט אפור 25 ק""ג",מליטה וצמנט,שק,"מלט, מלט אפור, שק מלט, צמנט, נשר",משטח סבן (40 שקים),25,🏭 4️⃣(החרש),חכמת / עלי
10001,"מלט לבן 25 ק""ג",מליטה וצמנט,שק,"מלט לבן, צמנט לבן",משטח סבן (40 שקים),25,🏭 4️⃣(החרש),חכמת / עלי
10011,"בטון מוכן 25 ק""ג",מליטה וצמנט,שק,"בטון מוכן, שק בטון, בטון מהיר",משטח סבן (40 שקים),25,🏭 4️⃣(החרש),חכמת / עלי
11500,חול שק,חומרי מחצבה בשקים,שק,"שק חול, חול בניין, חול ים",משטח סבן (50 שקים),25,🏭 4️⃣(החרש),חכמת / עלי
11510,סומסום שק,חומרי מחצבה בשקים,שק,"שק סומסום, סומסום לריצוף, חצץ דק",משטח סבן (50 שקים),25,🏭 4️⃣(החרש),חכמת / עלי
11550,טיט מוכן שק,חומרי מחצבה בשקים,שק,"טיט שק, טיט לריצוף, טיט לבנייה",משטח סבן (50 שקים),25,🏭 4️⃣(החרש),חכמת / עלי
11505,חצץ שק,חומרי מחצבה בשקים,שק,"חצץ שק, חצץ רגיל",משטח סבן (50 שקים),25,🏭 4️⃣(החרש),חכמת / עלי
14075,"טיח גבס MP75 שק 25 ק""ג",טיח וציפויים,שק,"MP75, אמפי 75, טיח גבס למכונה",משטח סבן (40 שקים),25,🏭 4️⃣(החרש),חכמת / עלי
14400,"טיח תרמי 400 23 ק""ג",טיח וציפויים,שק,"תרמוקיר 400, טיח תרמי, תרמוקיר 23",משטח סבן (40 שקים),23,🏭 4️⃣(החרש),חכמת / עלי
14603,"פלסטומר AD603 אפור 25 ק""ג",דבקים ומליטה,שק,"דבק 603, פלסטומר 603, אד 603",משטח סבן (40 שקים),25,🏭 4️⃣(החרש),עלי (פתוחה)
15181,"ריצופית אפור 181 25 ק""ג",דבקים ומליטה,שק,"ריצופית 181, טיט ריצוף 181",משטח סבן (40 שקים),25,🏭 4️⃣(החרש),חכמת / עלי
14104,"טיח בריכות PL102S 25 ק""ג",טיח מיוחד,שק,"טיח בריכות, תרמוקיר 102",משטח סבן (40 שקים),25,🏭 4️⃣(החרש),חכמת / עלי
15770,"טיח ממ""ד רב תכליתי 25 ק""ג",טיח מיוחד,שק,"טיח ממד, טיח הדף, טיח הגנה",משטח סבן (40 שקים),25,🏭 4️⃣(החרש),חכמת / עלי
11501,חול שק גדול,שקים גדולים (בלות),שק גד,"בלה חול, חול בלה, שק גדול חול","בלה (1:1 מק""ט 60002)",1000,🏭 4️⃣(החרש),חכמת (מנוף)
11511,סומסום שק גדול,שקים גדולים (בלות),שק גד,"בלה סומסום, סומסום בלה, שק גדול סומסום","בלה (1:1 מק""ט 60002)",1000,🏭 4️⃣(החרש),חכמת (מנוף)
11551,טיט מוכן שק גדול,שקים גדולים (בלות),שק גד,"בלה טיט, טיט בלה, שק גדול טיט","בלה (1:1 מק""ט 60002)",1000,🏭 4️⃣(החרש),חכמת (מנוף)
11506,חצץ שק גדול,שקים גדולים (בלות),שק גד,"בלה חצץ, חצץ בלה, שק גדול חצץ","בלה (1:1 מק""ט 60002)",1000,🏭 4️⃣(החרש),חכמת (מנוף)
11540,מצע שק גדול,שקים גדולים (בלות),שק גד,"בלה מצע, מצע מהודק בלה","בלה (1:1 מק""ט 60002)",1000,🏭 4️⃣(החרש),חכמת (מנוף)
11570,חמרה שק גדול,שקים גדולים (בלות),שק גד,"בלה חמרה, אדמת חמרה","בלה (1:1 מק""ט 60002)",1000,🏭 4️⃣(החרש),חכמת (מנוף)
11521,שליכט שק גדול,שקים גדולים (בלות),שק גד,"בלה שליכט, שליכט בלה","בלה (1:1 מק""ט 60002)",1000,🏭 4️⃣(החרש),חכמת (מנוף)
111260,לוח גבס לבן 260 ע 12.50,לוחות גבס,יח',"גבס לבן 260, לוח לבן 2.60",ללא,22,🏟️ 1️⃣(התלמיד),עלי (פתוחה)
111200,לוח גבס לבן 200 ע 12.50,לוחות גבס,יח',"גבס לבן 200, לוח לבן 2.00",ללא,17,🏟️ 1️⃣(התלמיד),עלי (פתוחה)
112260,לוח גבס ירוק 260 ע 12.50,לוחות גבס,יח',"גבס ירוק 260, לוח ירוק עמיד לחות",ללא,24,🏟️ 1️⃣(התלמיד),עלי (פתוחה)
112200,לוח גבס ירוק 200 ע 12.50,לוחות גבס,יח',"גבס ירוק 200, לוח ירוק 2.00",ללא,19,🏟️ 1️⃣(התלמיד),עלי (פתוחה)
113260,לוח גבס ורוד 260 ע 12.50,לוחות גבס,יח',"גבס ורוד 260, לוח עמיד אש",ללא,26,🏟️ 1️⃣(התלמיד),עלי (פתוחה)
114260,לוח גבס כחול 260 ע 12.50,לוחות גבס,יח',"גבס כחול 260, לוח אקוסטי כבד",ללא,30,🏟️ 1️⃣(התלמיד),עלי (פתוחה)
9550300,ניצב 0.5 50/300,פרופילים ושלד,יח',"ניצב 50, ניצב חמישים, פרופיל 50",ללא,1.8,🏟️ 1️⃣(התלמיד),עלי (פתוחה)
8550300,מסלול 0.5 50/300,פרופילים ושלד,יח',"מסלול 50, מסלול חמישים",ללא,1.5,🏟️ 1️⃣(התלמיד),עלי (פתוחה)
9570300,ניצב 0.5 70/300,פרופילים ושלד,יח',"ניצב 70, ניצב שבעים, פרופיל 70",ללא,2.1,🏟️ 1️⃣(התלמיד),עלי (פתוחה)
8570300,מסלול 0.5 70/300,פרופילים ושלד,יח',"מסלול 70, מסלול שבעים",ללא,1.8,🏟️ 1️⃣(התלמיד),עלי (פתוחה)
75300,ניצב אומגה תקן 300,פרופילים ושלד,יח',"אומגה, פרופיל אומגה לתקרה",ללא,1.2,🏟️ 1️⃣(התלמיד),עלי (פתוחה)
76012,"בידוד מינרלי 24 ק""ג 12 מ""ר",בידוד ואקוסטיקה,חב',"צמר סלעים, בידוד 24, בידוד גבס",ללא,12,🏟️ 1️⃣(התלמיד),עלי (פתוחה)
12010,בלוק בטון 10/20/40,בלוקים ומוצרי בטון,יח',"בלוק 10, בלוק עשר, בלוק מחיצה",משטח בלוקים (150 יח'),12,🏭 4️⃣(החרש),חכמת (מנוף)
12204,בלוק בטון 20/20/40 4 חורים,בלוקים ומוצרי בטון,יח',"בלוק 20, בלוק עשרים, בלוק 4 חורים",משטח בלוקים (75 יח'),18,🏭 4️⃣(החרש),חכמת (מנוף)
12154,בלוק בטון 15/20/40 4 חורים,בלוקים ומוצרי בטון,יח',"בלוק 15, בלוק חמש עשרה",משטח בלוקים (100 יח'),15,🏭 4️⃣(החרש),חכמת (מנוף)
11526,סיד בור חבית,חביות וכימיקלים,חבית,"חבית סיד, סיד בור","חבית (מק""ט 60004)",50,🏭 4️⃣(החרש),חכמת / עלי
15090,"רוקבונד 28 ק""ג",צבע ופריימרים,דלי,"רוקבונד, פריימר גבס, דלי רוקבונד",ללא,28,🏟️ 1️⃣(התלמיד),עלי (פתוחה)
55122,"קלסימו 5 ק""ג",שפכטלים,שקית,"קלסימו, שפכטל קלסימו",ללא,5,🏟️ 1️⃣(התלמיד),עלי
76206,בורג גבס 25 (1000 יח'),ברגים ופרזול,חב',"בורג גבס 25, ברגי גבס",ללא,1.5,🏟️ 1️⃣(התלמיד),עלי
76133,בורג פחפח 13 (1000 יח'),ברגים ופרזול,חב',"פחפח 13, בורג פחפח",ללא,1.2,🏟️ 1️⃣(התלמיד),עלי
76260,ערכת דבש שלישיה 100 יח',ברגים ופרזול,חב',"ערכת דבש, דיבל דבש, שלישיית דבש",ללא,1,🏟️ 1️⃣(התלמיד),עלי
76077,קומפריבנד 50/30 פס איטום,איטום ובידוד,חב',"קומפריבנד, פס איטום אקוסטי",ללא,0.5,🏟️ 1️⃣(התלמיד),עלי
19108,"סיקה 107 לבן+תוסף 25 ק""ג",חומרי איטום,ערכה,"סיקה 107, איטום סיקה, סיקהטופ",ללא,25,🏭 4️⃣(החרש),חכמת / עלי
15680,סיקפלקס FC11 לבן תרמיל,חומרי איטום,יח',"סיקפלקס, 11FC, מסטיק איטום",ללא,0.4,🏟️ 1️⃣(התלמיד),עלי
14707,סופר 7 שקוף,דבקים וסיליקון,יח',"סופר 7, סופר שבע, דבק סופר 7",ללא,0.4,🏟️ 1️⃣(התלמיד),עלי
60002,שק גדול פקדון,"מק""ט פקדון",יח',"פקדון בלה, חיוב בלה, זיכוי בלה",פקדון שק גדול,0,🏭 4️⃣(החרש),חכמת / עלי
60060,משטח סבן פקדון,"מק""ט פקדון",יח',"פקדון משטח סבן, משטח עץ",פקדון משטח עץ,0,🏭 4️⃣(החרש),חכמת / עלי
60006,משטח בלוקים פקדון,"מק""ט פקדון",יח',"פקדון משטח בלוקים, משטח בלוק",פקדון משטח בלוק,0,🏭 4️⃣(החרש),חכמת / עלי
60004,חבית פקדון,"מק""ט פקדון",יח',"פקדון חבית, חבית פקדון",פקדון חבית,0,🏭 4️⃣(החרש),חכמת / עלי
18050,הובלת מנוף הוד השרון,הובלות ומנוף,יח',מנוף הוד השרון,ללא,0,🏭 4️⃣(החרש),חכמת (מנוף)
18055,הובלת מנוף כפר סבא-רעננה,הובלות ומנוף,יח',"מנוף כפר סבא, מנוף רעננה",ללא,0,🏭 4️⃣(החרש),חכמת (מנוף)
18070,הובלת מנוף תל אביב מרכז,הובלות ומנוף,יח',מנוף תל אביב,ללא,0,🏭 4️⃣(החרש),חכמת (מנוף)
18090,"הובלת מנוף ראשל""צ",הובלות ומנוף,יח',מנוף ראשון לציון,ללא,0,🏭 4️⃣(החרש),חכמת (מנוף)
818050,הובלה ללא פריקה הוד השרון,הובלות ומנוף,יח',"הובלה ללא פריקה, הובלה רגילה",ללא,0,🏟️ 1️⃣(התלמיד),עלי (פתוחה)
818108,הובלה ללא פריקה,הובלות ומנוף,יח',"הובלה רגילה, ללא פריקה",ללא,0,🏟️ 1️⃣(התלמיד),עלי (פתוחה)
15116,"דבק 116 לבן 25 ק""ג כרמית",מליטה וצמנט,שק,דבק 116 לבן,"משטח סבן (40 שקים) (מק""ט 60060)",25,🏭 4️⃣(החרש),חכמת / עלי
15132,"דבק 132 לבן 25 ק""ג כרמית",מליטה וצמנט,שק,דבק 132 לבן,"משטח סבן (40 שקים) (מק""ט 60060)",25,🏭 4️⃣(החרש),חכמת / עלי
15181,"ריצופית אפור 181 25 ק""ג",אחר,שק,ריצופית אפור 181,ללא,25,🏭 4️⃣(החרש),חכמת / עלי
15182,"ריצופית לבן 181 25 ק""ג",אחר,שק,ריצופית לבן 181,ללא,25,🏭 4️⃣(החרש),חכמת / עלי
15420,"שפריץ מוכן 420 25 ק""ג כרמית",מליטה וצמנט,שק,שפריץ מוכן 420,"משטח סבן (40 שקים) (מק""ט 60060)",25,🏭 4️⃣(החרש),חכמת / עלי
15620,"מלט מהיר 620 2.5 ק""ג",מליטה וצמנט,שק,מלט מהיר 620,"משטח סבן (40 שקים) (מק""ט 60060)",2.5,🏭 4️⃣(החרש),חכמת / עלי
15634,"שפכטל חוץ/פנים 634 25 ק""ג",שפכטלים,שק,שפכטל חוץ/פנים 634,ללא,25,🏟️ 1️⃣(התלמיד),חכמת / עלי
15710,"טיח חוץ 710 שק 25 ק""ג",מליטה וצמנט,שק,טיח חוץ 710 שק,"משטח סבן (40 שקים) (מק""ט 60060)",25,🏭 4️⃣(החרש),חכמת / עלי
15720,"הרבצה 720 25 ק""ג כרמית",מליטה וצמנט,שק,הרבצה 720,"משטח סבן (40 שקים) (מק""ט 60060)",25,🏭 4️⃣(החרש),חכמת / עלי
15750,"טיח תרמי 750 16 ק""ג כרמית",מליטה וצמנט,שק,טיח תרמי 750,"משטח סבן (40 שקים) (מק""ט 60060)",16,🏭 4️⃣(החרש),חכמת / עלי
15760,"טיח תרמי 760 23 ק""ג כרמית",מליטה וצמנט,שק,טיח תרמי 760,"משטח סבן (40 שקים) (מק""ט 60060)",23,🏭 4️⃣(החרש),חכמת / עלי
15800,"טיח גבס 800 25 ק""ג כרמית",מליטה וצמנט,שק,טיח גבס 800,"משטח סבן (40 שקים) (מק""ט 60060)",25,🏭 4️⃣(החרש),עלי (פתוחה)
18182,הובלת משאית 02,הובלות ומנוף,יח',הובלת משאית 02,ללא,0,🏭 4️⃣(החרש),חכמת / עלי
24810,בוטילי לבד 10 10 מ.א.,חומרי איטום,גליל,בוטילי לבד 10,ללא,0,🏭 4️⃣(החרש),חכמת / עלי
24816,בוטילי לבד 20 10 מ.א.,חומרי איטום,גליל,בוטילי לבד 20,ללא,0,🏭 4️⃣(החרש),חכמת / עלי
24820,בוטילי אלומ' 10 10 מ.א.,חומרי איטום,גליל,בוטילי אלומ' 10,ללא,0,🏭 4️⃣(החרש),חכמת / עלי
24823,בוטילי אלומ' 15 10 מ.א.,חומרי איטום,גליל,בוטילי אלומ' 15,ללא,0,🏭 4️⃣(החרש),חכמת / עלי
24826,בוטילי אלומ' 20 10 מ.א.,חומרי איטום,גליל,בוטילי אלומ' 20,ללא,0,🏭 4️⃣(החרש),חכמת / עלי
650056,"מברשת צבע 830 ""2",צבע ופריימרים,יח',"מברשת צבע 830 ""2",ללא,0,🏟️ 1️⃣(התלמיד),חכמת / עלי
1512105,"פריימר לטיח גבס 121 5 ק""ג",מליטה וצמנט,שק,פריימר לטיח גבס 121,"משטח סבן (40 שקים) (מק""ט 60060)",5,🏭 4️⃣(החרש),עלי (פתוחה)
1512120,"פריימר לטיח גבס 121 20 ק""ג",מליטה וצמנט,שק,פריימר לטיח גבס 121,"משטח סבן (40 שקים) (מק""ט 60060)",20,🏭 4️⃣(החרש),עלי (פתוחה)
9875540,"שפכטל חיצוני 2.5 ק""ג 633",שפכטלים,שק,שפכטל חיצוני,ללא,2.5,🏟️ 1️⃣(התלמיד),חכמת / עלי
9877651,"פריימר P4 גלון 8 ק""ג",צבע ופריימרים,שק,פריימר P4 גלון,ללא,8,🏟️ 1️⃣(התלמיד),חכמת / עלי
9877681,ביטום פיקס K1 ביטומני פח,ברגים ופרזול,יח',ביטום פיקס K1 ביטומני פח,ללא,0,🏟️ 1️⃣(התלמיד),חכמת / עלי
9878111,תוספת למשטח מחולק,אחר,יח',תוספת למשטח מחולק,"משטח סבן (40 שקים) (מק""ט 60060)",25,🏭 4️⃣(החרש),חכמת (מנוף)
9880230,"סופר פיניש 5 ק""ג ARDEX",שפכטלים,שק,סופר פיניש,ללא,5,🏟️ 1️⃣(התלמיד),חכמת / עלי
9882297,"צבע לבטון לבן 5 ק""ג ARDEX",צבע ופריימרים,שק,צבע לבטון לבן,ללא,5,🏟️ 1️⃣(התלמיד),חכמת / עלי
9882298,"צבע לבטון אפור בהיר 5 ק""ג A",צבע ופריימרים,שק,צבע לבטון אפור בהיר,ללא,5,🏟️ 1️⃣(התלמיד),חכמת / עלי
9882299,"צבע לבטון אפור כהה 5 ק""ג AR",צבע ופריימרים,שק,צבע לבטון אפור כהה,ללא,5,🏟️ 1️⃣(התלמיד),חכמת / עלי
9882300,"צבע לבטון אדום 5 ק""ג ARDEX",צבע ופריימרים,שק,צבע לבטון אדום,ללא,5,🏟️ 1️⃣(התלמיד),חכמת / עלי
14004,"פריימר SAKRET 004 דלי 12 ק""",צבע ופריימרים,דלי,"פריימר SAKRET 004 דלי 12 ק""",ללא,0,🏟️ 1️⃣(התלמיד),חכמת / עלי
14005,פריימר SAKRET 005 דלי 5 ליט,צבע ופריימרים,דלי,פריימר SAKRET 005 דלי 5 ליט,ללא,0,🏟️ 1️⃣(התלמיד),חכמת / עלי
14007,"פריימר SAKRET 007 שק 20 ק""ג",צבע ופריימרים,שק,פריימר SAKRET 007 שק,ללא,20,🏟️ 1️⃣(התלמיד),חכמת / עלי
14008,"פריימר 008 15 ק""ג תרמוקיר",צבע ופריימרים,שק,פריימר 008,ללא,15,🏟️ 1️⃣(התלמיד),חכמת / עלי
14100,"הרבצה PL100S תרמוקיר 25 ק""ג",מליטה וצמנט,שק,הרבצה PL100S תרמוקיר,"משטח סבן (40 שקים) (מק""ט 60060)",25,🏭 4️⃣(החרש),חכמת / עלי
14102,"טיח חוץ 25 ק""ג PL102",מליטה וצמנט,שק,טיח חוץ,"משטח סבן (40 שקים) (מק""ט 60060)",25,🏭 4️⃣(החרש),חכמת / עלי
14104,"טיח בריכות PL102Sי 25 ק""ג",מליטה וצמנט,שק,טיח בריכות PL102Sי,"משטח סבן (40 שקים) (מק""ט 60060)",25,🏭 4️⃣(החרש),חכמת / עלי
14122,"טיח מגן 40 ק""ג PL122",מליטה וצמנט,שק,טיח מגן,"משטח סבן (40 שקים) (מק""ט 60060)",40,🏭 4️⃣(החרש),חכמת / עלי
14123,"טיח ג'ל PL123 תרמוקיר 25 ק""",מליטה וצמנט,יח',"טיח ג'ל PL123 תרמוקיר 25 ק""","משטח סבן (40 שקים) (מק""ט 60060)",25,🏭 4️⃣(החרש),חכמת / עלי
14130,"טיח ממ""ד רב תכליתי 40 ק""ג P",מליטה וצמנט,שק,"טיח ממ""ד רב תכליתי","משטח סבן (40 שקים) (מק""ט 60060)",40,🏭 4️⃣(החרש),חכמת / עלי
14175,"תרמוסטפ AC420 י 20 ק""ג",אחר,שק,תרמוסטפ AC420 י,ללא,20,🏭 4️⃣(החרש),חכמת / עלי
14185,"שליכט בגר חוץ/פנים 25 ק""גPL",מליטה וצמנט,שק,שליכט בגר חוץ/פנים,"משטח סבן (40 שקים) (מק""ט 60060)",25,🏭 4️⃣(החרש),חכמת / עלי
14400,"טיח תרמי 400 23 ק""ג תרמוקיר",מליטה וצמנט,שק,טיח תרמי 400,"משטח סבן (40 שקים) (מק""ט 60060)",23,🏭 4️⃣(החרש),חכמת / עלי
14500,"פלסטומר AD500 שק 25 ק""ג",חומרי איטום,שק,פלסטומר AD500 שק,ללא,25,🏭 4️⃣(החרש),חכמת / עלי
14601,"פלסטומר AD601 שק 25 ק""ג",חומרי איטום,שק,פלסטומר AD601 שק,ללא,25,🏭 4️⃣(החרש),חכמת / עלי
14603,"פלסטומר AD603 אפור 25 ק""ג",חומרי איטום,שק,פלסטומר AD603 אפור,ללא,25,🏭 4️⃣(החרש),חכמת / עלי
14604,"פלסטומר AD603 לבן 25 ק""ג",חומרי איטום,שק,פלסטומר AD603 לבן,ללא,25,🏭 4️⃣(החרש),חכמת / עלי
14700,"פלסטומר AD700 שק 25 ק""ג",חומרי איטום,שק,פלסטומר AD700 שק,ללא,25,🏭 4️⃣(החרש),חכמת / עלי
14980,"אלסטוסיל לבן 25 ק""ג SE980",אחר,שק,אלסטוסיל לבן,ללא,25,🏭 4️⃣(החרש),חכמת / עלי
18060,"הובלת מנוף הרצליה - רמה""ש",הובלות ומנוף,יח',"הובלת מנוף הרצליה - רמה""ש",ללא,0,🏭 4️⃣(החרש),חכמת (מנוף)
9870531,פינת איטום SAKRET SE947י 10,חומרי איטום,יח',פינת איטום SAKRET SE947י 10,ללא,0,🏭 4️⃣(החרש),חכמת / עלי
9870875,סיליקון שקוף SE963 תרמיל,אחר,יח',סיליקון שקוף SE963 תרמיל,ללא,0,🏭 4️⃣(החרש),חכמת / עלי
9882500,"טיח ממ""ד רב תכליתי 25 ק""ג P",מליטה וצמנט,שק,"טיח ממ""ד רב תכליתי","משטח סבן (40 שקים) (מק""ט 60060)",25,🏭 4️⃣(החרש),חכמת / עלי
14920001,"כוחלה 001 שמנת 25 ק""ג תרמוק",מליטה וצמנט,שק,כוחלה 001 שמנת,"משטח סבן (40 שקים) (מק""ט 60060)",25,🏭 4️⃣(החרש),חכמת / עלי
10155,"ווטרפלאג 25 ק""ג THORO",אחר,שק,ווטרפלאג,ללא,25,🏭 4️⃣(החרש),חכמת / עלי
14890,"רובה SIKA TG ירוק 1181 5 ק""",מליטה וצמנט,יח',"רובה SIKA TG ירוק 1181 5 ק""","משטח סבן (40 שקים) (מק""ט 60060)",0,🏭 4️⃣(החרש),חכמת / עלי
15665,סיקה POOL אפור תרמיל SIKA,חומרי איטום,יח',סיקה POOL אפור תרמיל SIKA,ללא,0,🏭 4️⃣(החרש),חכמת / עלי
15666,סיקה POOL לבן תרמיל SIKA,חומרי איטום,יח',סיקה POOL לבן תרמיל SIKA,ללא,0,🏭 4️⃣(החרש),חכמת / עלי
15680,סיקפלקס FC11 לבן תרמיל SIKA,חומרי איטום,יח',סיקפלקס FC11 לבן תרמיל SIKA,ללא,0,🏭 4️⃣(החרש),חכמת / עלי
15681,סיקפלקס FC11 אפור תרמיל SIK,חומרי איטום,יח',סיקפלקס FC11 אפור תרמיל SIK,ללא,0,🏭 4️⃣(החרש),חכמת / עלי
15682,סיקפלקס FC11 שחור תרמיל SIK,חומרי איטום,יח',סיקפלקס FC11 שחור תרמיל SIK,ללא,0,🏭 4️⃣(החרש),חכמת / עלי
15683,סיקפלקס FC11 חום תרמיל SIKA,חומרי איטום,יח',סיקפלקס FC11 חום תרמיל SIKA,ללא,0,🏭 4️⃣(החרש),חכמת / עלי
15684,סיקפלקס FC11 קרם תרמיל SIKA,חומרי איטום,יח',סיקפלקס FC11 קרם תרמיל SIKA,ללא,0,🏭 4️⃣(החרש),חכמת / עלי
15685,סיקפלקס FC11 לבן שרוול SIKA,חומרי איטום,יח',סיקפלקס FC11 לבן שרוול SIKA,ללא,0,🏭 4️⃣(החרש),חכמת / עלי
15686,סיקפלקס FC11 אפור שרוול SIK,חומרי איטום,יח',סיקפלקס FC11 אפור שרוול SIK,ללא,0,🏭 4️⃣(החרש),חכמת / עלי
15687,סיקפלקס FC11 שחור שרוול SIK,חומרי איטום,יח',סיקפלקס FC11 שחור שרוול SIK,ללא,0,🏭 4️⃣(החרש),חכמת / עלי
15688,סיקפלקס FC11 אוף ואייט שרוו,חומרי איטום,יח',סיקפלקס FC11 אוף ואייט שרוו,ללא,0,🏭 4️⃣(החרש),חכמת / עלי
15689,סיקה פלקס שקוף קריסטל 112 M,חומרי איטום,חב',סיקה פלקס שקוף קריסטל 112 M,ללא,0,🏭 4️⃣(החרש),חכמת / עלי
15696,"סיקה 107 לבן 20 ק""ג ללא תוס",חומרי איטום,שק,סיקה 107 לבן,ללא,20,🏭 4️⃣(החרש),חכמת / עלי
15698,"סיקה 107 נוזל בלבד 5 ק""ג",חומרי איטום,שק,סיקה 107 נוזל בלבד,ללא,5,🏭 4️⃣(החרש),חכמת / עלי
15699,"מולטיסיל 10 ס""מ SIKAי 10מ.א",אחר,יח',מולטיסיל,ללא,0,🏭 4️⃣(החרש),חכמת / עלי
15706,סיקה PRO3 אפור שרוול ML600,חומרי איטום,יח',סיקה PRO3 אפור שרוול ML600,ללא,0,🏭 4️⃣(החרש),חכמת / עלי
15708,אנקור פיקס 1 תרמיל SIKA,אחר,יח',אנקור פיקס 1 תרמיל SIKA,ללא,0,🏭 4️⃣(החרש),חכמת / עלי
15709,פריימר לסיקפלקס 1/2 ליטר 3N,חומרי איטום,יח',פריימר לסיקפלקס 1/2 ליטר 3N,ללא,2,🏟️ 1️⃣(התלמיד),חכמת / עלי
15711,פריימר לסיקפלקס 1 ליטר 3N,חומרי איטום,יח',פריימר לסיקפלקס,ללא,1,🏟️ 1️⃣(התלמיד),חכמת / עלי
15714,"מולטיסיל 15 ס""מ SIKAי 10מ.א",אחר,יח',מולטיסיל,ללא,0,🏭 4️⃣(החרש),חכמת / עלי
15715,"ווטרפלאג SIKAי 2 ק""ג",אחר,שק,ווטרפלאג SIKAי,ללא,2,🏭 4️⃣(החרש),חכמת / עלי
15719,"ווטרפלאג SIKAי 1 ק""ג",אחר,שק,ווטרפלאג SIKAי,ללא,1,🏭 4️⃣(החרש),חכמת / עלי
15721,"ווטרפלאג SIKAי 5 ק""ג",אחר,שק,ווטרפלאג SIKAי,ללא,5,🏭 4️⃣(החרש),חכמת / עלי
15722,"ווטרפלאג SIKAי 20 ק""ג",אחר,שק,ווטרפלאג SIKAי,ללא,20,🏭 4️⃣(החרש),חכמת / עלי
15753,סיקה 4A מזרז 5 ליטר,חומרי איטום,יח',סיקה 4A מזרז,ללא,5,🏭 4️⃣(החרש),חכמת / עלי
15757,"סיקה SLT לטקס 18 ק""ג",חומרי איטום,שק,סיקה SLT לטקס,ללא,18,🏭 4️⃣(החרש),חכמת / עלי
15759,סיקה לטקס סופר 5 ליטר,חומרי איטום,יח',סיקה לטקס סופר,ללא,5,🏭 4️⃣(החרש),חכמת / עלי
15761,סיקה לטקס סופר 18 ליטר,חומרי איטום,יח',סיקה לטקס סופר,ללא,18,🏭 4️⃣(החרש),חכמת / עלי
15772,"סיקה טופ 107 E י 20+10 ק""ג",חומרי איטום,שק,"סיקה טופ 107 E י 20+10 ק""ג",ללא,10,🏭 4️⃣(החרש),חכמת / עלי
15775,"סיקה ראפ 25 ק""ג",חומרי איטום,שק,סיקה ראפ,ללא,25,🏭 4️⃣(החרש),חכמת / עלי
15792,"סיקה ראפ פאוור 25 ק""ג",חומרי איטום,שק,סיקה ראפ פאוור,ללא,25,🏭 4️⃣(החרש),חכמת / עלי
15805,"סיקה לסטיק K1י 17 ק""ג SIKA",חומרי איטום,שק,סיקה לסטיק K1י,ללא,17,🏭 4️⃣(החרש),חכמת / עלי
15930,סיליקון ניטראלי שקוף תרמיל,אחר,יח',סיליקון ניטראלי שקוף תרמיל,ללא,0,🏭 4️⃣(החרש),חכמת / עלי
15931,סיליקון ניטראלי לבן תרמיל S,אחר,יח',סיליקון ניטראלי לבן תרמיל S,ללא,0,🏭 4️⃣(החרש),חכמת / עלי
15932,סיליקון ניטראלי קרם תרמיל S,אחר,יח',סיליקון ניטראלי קרם תרמיל S,ללא,0,🏭 4️⃣(החרש),חכמת / עלי
15933,סיליקון ניטראלי אפור תרמיל,אחר,יח',סיליקון ניטראלי אפור תרמיל,ללא,0,🏭 4️⃣(החרש),חכמת / עלי
15934,סיליקון ניטראלי שחור תרמיל,אחר,יח',סיליקון ניטראלי שחור תרמיל,ללא,0,🏭 4️⃣(החרש),חכמת / עלי
19001,סיקה 1 18 ליטר,חומרי איטום,יח',סיקה 1,ללא,18,🏭 4️⃣(החרש),חכמת / עלי
19050,"טיח בריכות קריט SIKAי 25 ק""",מליטה וצמנט,יח',"טיח בריכות קריט SIKAי 25 ק""","משטח סבן (40 שקים) (מק""ט 60060)",25,🏭 4️⃣(החרש),חכמת / עלי
19056,"סיקה דור 56 א+ב 6 ק""ג",חומרי איטום,שק,סיקה דור 56 א+ב,ללא,6,🏭 4️⃣(החרש),חכמת / עלי
19100,"רובה אפוקסי SIKA 100י 5 ק""",מליטה וצמנט,יח',"רובה אפוקסי SIKA 100י 5 ק""","משטח סבן (40 שקים) (מק""ט 60060)",0,🏭 4️⃣(החרש),חכמת / עלי
19103,"רובה אפוקסי SIKA 103י 5 ק""ג",מליטה וצמנט,שק,רובה אפוקסי SIKA 103י,"משטח סבן (40 שקים) (מק""ט 60060)",5,🏭 4️⃣(החרש),חכמת / עלי
19107,"סיקה 107 אפור+תוסף 25 ק""ג",פרופילים ושלד,שק,סיקה 107 אפור+תוסף,ללא,25,🏟️ 1️⃣(התלמיד),עלי (פתוחה)
19108,"סיקה 107 לבן+תוסף 25 ק""ג",פרופילים ושלד,שק,סיקה 107 לבן+תוסף,ללא,25,🏟️ 1️⃣(התלמיד),עלי (פתוחה)
19120,"רובה אפוקסי SIKA 120י 5 ק""ג",מליטה וצמנט,שק,רובה אפוקסי SIKA 120י,"משטח סבן (40 שקים) (מק""ט 60060)",5,🏭 4️⃣(החרש),חכמת / עלי
19121,"רובה אפוקסי SIKA 121י 5 ק""ג",מליטה וצמנט,שק,רובה אפוקסי SIKA 121י,"משטח סבן (40 שקים) (מק""ט 60060)",5,🏭 4️⃣(החרש),חכמת / עלי
19122,"רובה אפוקסי SIKA 122י 5 ק""ג",מליטה וצמנט,שק,רובה אפוקסי SIKA 122י,"משטח סבן (40 שקים) (מק""ט 60060)",5,🏭 4️⃣(החרש),חכמת / עלי
19123,"רובה אפוקסי SIKA 123י 5 ק""ג",מליטה וצמנט,שק,רובה אפוקסי SIKA 123י,"משטח סבן (40 שקים) (מק""ט 60060)",5,🏭 4️⃣(החרש),חכמת / עלי
19135,"סרם 135 SIKAי 20 ק""ג",מליטה וצמנט,שק,סרם 135 SIKAי,"משטח סבן (40 שקים) (מק""ט 60060)",20,🏭 4️⃣(החרש),חכמת / עלי
19200,"מדה צמנט SIKAי 25 ק""ג",מליטה וצמנט,שק,מדה צמנט SIKAי,"משטח סבן (40 שקים) (מק""ט 60060)",25,🏭 4️⃣(החרש),חכמת / עלי
19214,"גראוט 214 25 ק""ג SIKA",מליטה וצמנט,שק,גראוט 214,"משטח סבן (40 שקים) (מק""ט 60060)",25,🏭 4️⃣(החרש),חכמת / עלי
19215,פריימר לסיקפלקס 215 1 ליטר,חומרי איטום,יח',פריימר לסיקפלקס 215,ללא,1,🏟️ 1️⃣(התלמיד),חכמת / עלי
19224,סיקה סילוקסן 224 18 ליטר,חומרי איטום,יח',סיקה סילוקסן 224,ללא,18,🏭 4️⃣(החרש),חכמת / עלי
19235,"סרם 235 SIKAי 25 ק""ג",מליטה וצמנט,שק,סרם 235 SIKAי,"משטח סבן (40 שקים) (מק""ט 60060)",25,🏭 4️⃣(החרש),חכמת / עלי
19255,"סרם 255 SIKAי 25 ק""ג",מליטה וצמנט,שק,סרם 255 SIKAי,"משטח סבן (40 שקים) (מק""ט 60060)",25,🏭 4️⃣(החרש),חכמת / עלי
19260,"לסטיק 260 SIKAי 7 ק""ג",אחר,שק,לסטיק 260 SIKAי,ללא,7,🏭 4️⃣(החרש),חכמת / עלי
19340,גראוט הנדסי 340/800 SIKAי 2,מליטה וצמנט,יח',גראוט הנדסי 340/800 SIKAי 2,"משטח סבן (40 שקים) (מק""ט 60060)",25,🏭 4️⃣(החרש),חכמת / עלי
19412,"מונוטופ SIKA ECO 412י 25 ק""",מליטה וצמנט,יח',"מונוטופ SIKA ECO 412י 25 ק""","משטח סבן (40 שקים) (מק""ט 60060)",25,🏭 4️⃣(החרש),חכמת / עלי
19500,"סרם 500 SIKAי 20 ק""ג",מליטה וצמנט,שק,סרם 500 SIKAי,"משטח סבן (40 שקים) (מק""ט 60060)",20,🏭 4️⃣(החרש),חכמת / עלי
19612,"סיקלסטיק 612י 21.3ק""ג SIKA",אחר,שק,"סיקלסטיק 612י 21.3ק""ג SIKA",ללא,1,🏭 4️⃣(החרש),חכמת / עלי
9882622,גרד 914W גלון 10 ליטר SIKA,אחר,יח',גרד 914W גלון,ללא,10,🏭 4️⃣(החרש),חכמת / עלי
24831,בוטילי ביטומן 10 10 מ.א.SI,חומרי איטום,גליל,בוטילי ביטומן 10,ללא,0,🏭 4️⃣(החרש),חכמת / עלי
24834,בוטילי ביטומן 15 10 מ.א.SI,חומרי איטום,גליל,בוטילי ביטומן 15,ללא,0,🏭 4️⃣(החרש),חכמת / עלי
41231,אקדח לשרוול SIKA,אחר,יח',אקדח לשרוול SIKA,ללא,0,🏭 4️⃣(החרש),חכמת / עלי
191100,"רובה SIKA 1100י 5 ק""ג",מליטה וצמנט,שק,רובה SIKA 1100י,"משטח סבן (40 שקים) (מק""ט 60060)",5,🏭 4️⃣(החרש),חכמת / עלי
191110,"רובה SIKA 1110י 5 ק""ג",מליטה וצמנט,שק,רובה SIKA 1110י,"משטח סבן (40 שקים) (מק""ט 60060)",5,🏭 4️⃣(החרש),חכמת / עלי
191111,"רובה SIKA 1111י 5 ק""ג",מליטה וצמנט,שק,רובה SIKA 1111י,"משטח סבן (40 שקים) (מק""ט 60060)",5,🏭 4️⃣(החרש),חכמת / עלי
19111,"סיקה לסטיק 110Sי 25 ק""ג SIK",חומרי איטום,שק,סיקה לסטיק 110Sי,ללא,25,🏭 4️⃣(החרש),חכמת / עלי
191112,"רובה SIKA 1112י 5 ק""ג",מליטה וצמנט,שק,רובה SIKA 1112י,"משטח סבן (40 שקים) (מק""ט 60060)",5,🏭 4️⃣(החרש),חכמת / עלי
191113,"רובה SIKA 1113י 5 ק""ג",מליטה וצמנט,שק,רובה SIKA 1113י,"משטח סבן (40 שקים) (מק""ט 60060)",5,🏭 4️⃣(החרש),חכמת / עלי
191114,"רובה SIKA 1114י 5 ק""ג",מליטה וצמנט,שק,רובה SIKA 1114י,"משטח סבן (40 שקים) (מק""ט 60060)",5,🏭 4️⃣(החרש),חכמת / עלי
191120,"רובה SIKA 1120י 5 ק""ג",מליטה וצמנט,שק,רובה SIKA 1120י,"משטח סבן (40 שקים) (מק""ט 60060)",5,🏭 4️⃣(החרש),חכמת / עלי
191130,"רובה SIKA 1130י 5 ק""ג",מליטה וצמנט,שק,רובה SIKA 1130י,"משטח סבן (40 שקים) (מק""ט 60060)",5,🏭 4️⃣(החרש),חכמת / עלי
191131,"רובה SIKA 1131י 5 ק""ג",מליטה וצמנט,שק,רובה SIKA 1131י,"משטח סבן (40 שקים) (מק""ט 60060)",5,🏭 4️⃣(החרש),חכמת / עלי
191132,"רובה SIKA 1132י 5 ק""ג",מליטה וצמנט,שק,רובה SIKA 1132י,"משטח סבן (40 שקים) (מק""ט 60060)",5,🏭 4️⃣(החרש),חכמת / עלי
191142,"רובה SIKA 1142י 5 ק""ג",מליטה וצמנט,שק,רובה SIKA 1142י,"משטח סבן (40 שקים) (מק""ט 60060)",5,🏭 4️⃣(החרש),חכמת / עלי
191144,"רובה SIKA 1144י 5 ק""ג",מליטה וצמנט,שק,רובה SIKA 1144י,"משטח סבן (40 שקים) (מק""ט 60060)",5,🏭 4️⃣(החרש),חכמת / עלי
192010,עצר מים כימי SIKA 2010 י10,חומרי איטום,יח',עצר מים כימי SIKA 2010 י10,ללא,0,🏭 4️⃣(החרש),חכמת / עלי
192507,עצר מים כימי SIKA 2507 י10,חומרי איטום,יח',עצר מים כימי SIKA 2507 י10,ללא,0,🏭 4️⃣(החרש),חכמת / עלי
194901,סיקה לסטיק פריימר 490Tי 1 ק,חומרי איטום,חב',סיקה לסטיק פריימר 490Tי 1 ק,ללא,0,🏟️ 1️⃣(התלמיד),חכמת / עלי
194905,"סיקה לסטיק 490Tי 5 ק""ג",חומרי איטום,שק,סיקה לסטיק 490Tי,ללא,5,🏭 4️⃣(החרש),חכמת / עלי
197001,גרד SIKA 700H מט 1 ליטר,אחר,יח',גרד SIKA 700H מט,ללא,1,🏭 4️⃣(החרש),חכמת / עלי
197005,גרד SIKA 700Hי מט 5 ליטר,אחר,יח',גרד SIKA 700Hי מט,ללא,5,🏭 4️⃣(החרש),חכמת / עלי
199255,גרד SIKA 925Tי 5 ליטר,אחר,יח',גרד SIKA 925Tי,ללא,5,🏭 4️⃣(החרש),חכמת / עלי
1901005,"סיקה טופ 10 5 ק""ג SIKA",חומרי איטום,שק,סיקה טופ 10,ללא,5,🏭 4️⃣(החרש),חכמת / עלי
1903101,"מלט אפוקסי SIKA 31י 1.2 ק""ג",מליטה וצמנט,שק,מלט אפוקסי SIKA 31י,"משטח סבן (40 שקים) (מק""ט 60060)",1.2,🏭 4️⃣(החרש),חכמת / עלי
1903106,"מלט אפוקסי SIKA 31י 6 ק""ג",מליטה וצמנט,שק,מלט אפוקסי SIKA 31י,"משטח סבן (40 שקים) (מק""ט 60060)",6,🏭 4️⃣(החרש),חכמת / עלי
1910225,"איגולפלקס 102 SIKAי 25 ק""ג",אחר,שק,איגולפלקס 102 SIKAי,ללא,25,🏭 4️⃣(החרש),חכמת / עלי
1911008,"ארמטק 110 (א+ב+ג) 8 ק""ג SIK",אחר,שק,ארמטק 110 (א+ב+ג),ללא,8,🏭 4️⃣(החרש),חכמת / עלי
1918015,"שפכטל ויסקו רפ וול 15 ק""ג 1",שפכטלים,שק,שפכטל ויסקו רפ וול,ללא,15,🏟️ 1️⃣(התלמיד),חכמת / עלי
1930110,"איגולפלקס 301 SIKAי 10 ק""ג",אחר,שק,איגולפלקס 301 SIKAי,ללא,10,🏭 4️⃣(החרש),חכמת / עלי
1932025,"גראוט 3200 25 ק""ג SIKA",מליטה וצמנט,שק,גראוט 3200,"משטח סבן (40 שקים) (מק""ט 60060)",25,🏭 4️⃣(החרש),חכמת / עלי
1949020,"סיקה לסטיק 490Tי 20 ק""ג",חומרי איטום,שק,סיקה לסטיק 490Tי,ללא,20,🏭 4️⃣(החרש),חכמת / עלי
1956005,"לסטיק 560 לבן 5 ק""ג SIKA",אחר,שק,לסטיק 560 לבן,ללא,5,🏭 4️⃣(החרש),חכמת / עלי
1956006,"לסטיק 560 טרקוטה 5 ק""ג SIKA",אחר,שק,לסטיק 560 טרקוטה,ללא,5,🏭 4️⃣(החרש),חכמת / עלי
1956020,"לסטיק 560 לבן 20 ק""ג SIKA",אחר,שק,לסטיק 560 לבן,ללא,20,🏭 4️⃣(החרש),חכמת / עלי
1961001,"מונוטופ SIKA 610י 1 ק""ג",מליטה וצמנט,שק,מונוטופ SIKA 610י,"משטח סבן (40 שקים) (מק""ט 60060)",1,🏭 4️⃣(החרש),חכמת / עלי
1962805,"סיקה לסטיק 629T גלון 5 ק""ג",חומרי איטום,שק,סיקה לסטיק 629T גלון,ללא,5,🏭 4️⃣(החרש),חכמת / עלי
1962820,"סיקה לסטיק 629T פח 20 ק""ג",חומרי איטום,שק,סיקה לסטיק 629T פח,ללא,20,🏟️ 1️⃣(התלמיד),חכמת / עלי
1968001,סיקה גרד 680Sי 1 ליטר SIKA,חומרי איטום,יח',סיקה גרד 680Sי,ללא,1,🏭 4️⃣(החרש),חכמת / עלי
1968005,סיקה גרד 680Sי 5 ליטר SIKA,חומרי איטום,יח',סיקה גרד 680Sי,ללא,5,🏭 4️⃣(החרש),חכמת / עלי
1968030,"סיקה גרד 680Sי 30 ק""ג SIKA",חומרי איטום,שק,סיקה גרד 680Sי,ללא,30,🏭 4️⃣(החרש),חכמת / עלי
1970018,גרד SIKA 700Hי מט 18 ליטר,אחר,יח',גרד SIKA 700Hי מט,ללא,18,🏭 4️⃣(החרש),חכמת / עלי
1979001,"סילר 790 מט SIKAי 1 ק""ג",חומרי איטום,שק,סילר 790 מט SIKAי,ללא,1,🏭 4️⃣(החרש),חכמת / עלי
1979005,"סילר 790 מט SIKAי 5 ק""ג",חומרי איטום,שק,סילר 790 מט SIKAי,ללא,5,🏭 4️⃣(החרש),חכמת / עלי
1991002,"מונוטופ SIKA 910י 2 ק""ג",מליטה וצמנט,שק,מונוטופ SIKA 910י,"משטח סבן (40 שקים) (מק""ט 60060)",2,🏭 4️⃣(החרש),חכמת / עלי
1991005,"מונוטופ SIKA 910י 5 ק""ג",מליטה וצמנט,שק,מונוטופ SIKA 910י,"משטח סבן (40 שקים) (מק""ט 60060)",5,🏭 4️⃣(החרש),חכמת / עלי
9371302,פיות לאנקור פיקס 5 יחידות S,אחר,יח',פיות לאנקור פיקס 5 יחידות S,ללא,0,🏭 4️⃣(החרש),חכמת / עלי
9381755,סיקה קונסטרקשן בג' שרוול,חומרי איטום,חב',סיקה קונסטרקשן בג' שרוול,ללא,0,🏭 4️⃣(החרש),חכמת / עלי
9381756,סיקה קונסטרקשן אפור שרוול,חומרי איטום,חב',סיקה קונסטרקשן אפור שרוול,ללא,0,🏭 4️⃣(החרש),חכמת / עלי
9381907,סיקה קונסטרקשן לבן שרוול,חומרי איטום,חב',סיקה קונסטרקשן לבן שרוול,ללא,0,🏭 4️⃣(החרש),חכמת / עלי
9382364,"פריימר סיקהפלור 156 10 ק""ג",חומרי איטום,שק,פריימר סיקהפלור 156,ללא,10,🏟️ 1️⃣(התלמיד),חכמת / עלי
9383292,"כדורי זכוכית לצבע 1 ק""ג SIK",צבע ופריימרים,שק,כדורי זכוכית לצבע,ללא,1,🏟️ 1️⃣(התלמיד),חכמת / עלי
9383427,"סיל טייפ F ר'10 ס""מ 25 מ.א.",אחר,גליל,"סיל טייפ F ר'10 ס""מ",ללא,0,🏭 4️⃣(החרש),חכמת / עלי
9383722,"שפכטל מוכן 303 5 ק""ג SIKA",שפכטלים,שק,שפכטל מוכן 303,ללא,5,🏟️ 1️⃣(התלמיד),חכמת / עלי
9383723,"שפכטל ויסקו רפ 5 ק""ג SIKA",שפכטלים,שק,שפכטל ויסקו רפ,ללא,5,🏟️ 1️⃣(התלמיד),חכמת / עלי
9870929,סיקה 118 EXTREME תרמיל,חומרי איטום,יח',סיקה 118 EXTREME תרמיל,ללא,0,🏭 4️⃣(החרש),חכמת / עלי
9873090,"תוסף לרובה 2 ק""ג SIKA",מליטה וצמנט,שק,תוסף לרובה,"משטח סבן (40 שקים) (מק""ט 60060)",2,🏭 4️⃣(החרש),עלי (פתוחה)
9873316,טינר SIKA C'י 3 ליטר,צבע ופריימרים,יח',טינר SIKA C'י,ללא,3,🏟️ 1️⃣(התלמיד),חכמת / עלי
9875058,פיה לשרוול סיקפלקס,חומרי איטום,יח',פיה לשרוול סיקפלקס,ללא,0,🏭 4️⃣(החרש),חכמת / עלי
9876401,סיקה סים FIBERS שקית 600 גר,חומרי איטום,יח',סיקה סים FIBERS שקית 600 גר,ללא,0,🏭 4️⃣(החרש),חכמת / עלי
9876808,רשת פליס 120 לשריון 560 '50,אחר,גליל,רשת פליס 120 לשריון 560 '50,ללא,0,🏭 4️⃣(החרש),חכמת / עלי
9876982,"סיקלסטיק 612י 7.1 ק""ג SIKA",אחר,שק,סיקלסטיק 612י,ללא,7.1,🏭 4️⃣(החרש),חכמת / עלי
9880445,סיקפלור 4400 אפור SIKAי 20,אחר,יח',סיקפלור 4400 אפור SIKAי 20,ללא,0,🏭 4️⃣(החרש),חכמת / עלי
9882364,"סיקלסטיק 640י 25 ק""ג SIKA",אחר,שק,סיקלסטיק 640י,ללא,25,🏭 4️⃣(החרש),חכמת / עלי
9882515,"סיקה לסטיק 688Sי 25 ק""ג SIK",חומרי איטום,שק,סיקה לסטיק 688Sי,ללא,25,🏭 4️⃣(החרש),חכמת / עלי
9882559,"אקטיבייטור 205 1 ק""ג לSIKA",אחר,שק,אקטיבייטור 205,ללא,1,🏭 4️⃣(החרש),חכמת / עלי
9882662,"סיקה ברפרן SIKAי 30 ק""ג",חומרי איטום,שק,סיקה ברפרן SIKAי,ללא,30,🏭 4️⃣(החרש),חכמת / עלי
9888927,מאסטרסיל PB 5000R פח 22.5 ק,ברגים ופרזול,יח',מאסטרסיל PB 5000R פח 22.5 ק,ללא,0,🏟️ 1️⃣(התלמיד),חכמת / עלי
9888953,"שפכטל חוץ מוכן 340 25 ק""ג S",שפכטלים,שק,שפכטל חוץ מוכן 340,ללא,25,🏟️ 1️⃣(התלמיד),חכמת / עלי
71700,סרט/רשת 5 לגבס 20 מ.א.,לוחות גבס,גליל,סרט/רשת 5 לגבס,ללא,0,🏟️ 1️⃣(התלמיד),עלי (פתוחה)
71710,סרט/רשת 5 לגבס 90 מ.א.,לוחות גבס,גליל,סרט/רשת 5 לגבס,ללא,0,🏟️ 1️⃣(התלמיד),עלי (פתוחה)
71712,סרט/רשת 15 לגבס 20 מ.א.,לוחות גבס,גליל,סרט/רשת 15 לגבס,ללא,0,🏟️ 1️⃣(התלמיד),עלי (פתוחה)
71720,סרט פינה משתנה 30 מ.א. ריין,פרופילים ושלד,גליל,סרט פינה משתנה,ללא,0,🏟️ 1️⃣(התלמיד),עלי (פתוחה)
71723,סרט פינה משתנה 30 מ.א. חוץ,פרופילים ושלד,גליל,סרט פינה משתנה,ללא,0,🏟️ 1️⃣(התלמיד),עלי (פתוחה)
71727,פינה 3768 לקשת 33/13.5 3 מ.,פרופילים ושלד,יח',פינה 3768 לקשת 33/13.5 3 מ.,ללא,0,🏟️ 1️⃣(התלמיד),עלי (פתוחה)
71730,"סרט נייר לגבס ""2 75 מטר",לוחות גבס,גליל,"סרט נייר לגבס ""2",ללא,0,🏟️ 1️⃣(התלמיד),עלי (פתוחה)
71735,"סרט נייר לגבס ""2 150 מטר",לוחות גבס,גליל,"סרט נייר לגבס ""2",ללא,0,🏟️ 1️⃣(התלמיד),עלי (פתוחה)
71755,פינה קשיחה+נייר 3 מטר,פרופילים ושלד,גליל,פינה קשיחה+נייר,ללא,0,🏟️ 1️⃣(התלמיד),עלי (פתוחה)
71760,פינה J+נייר 3 מטר אורבונד,פרופילים ושלד,גליל,פינה J+נייר,ללא,0,🏟️ 1️⃣(התלמיד),עלי (פתוחה)
71780,פינה אפס אלומ' גרמני 3 מ.א.,פרופילים ושלד,גליל,פינה אפס אלומ' גרמני,ללא,0,🏟️ 1️⃣(התלמיד),עלי (פתוחה)
71785,חצי פינה אפס אלומ' גרמני 3,פרופילים ושלד,יח',חצי פינה אפס אלומ' גרמני 3,ללא,0,🏟️ 1️⃣(התלמיד),עלי (פתוחה)
71793,פיבה FIBAFUSEי 76 מ.א.,אחר,גליל,פיבה FIBAFUSEי,ללא,0,🏭 4️⃣(החרש),חכמת / עלי
71796,"פיבה FIBAFUSEי 100 45 מ""ר",אחר,"מ""ר","פיבה FIBAFUSEי 100 45 מ""ר",ללא,0,🏭 4️⃣(החרש),חכמת / עלי
71799,פיבה פיוז 76 מ.א.,אחר,גליל,פיבה פיוז,ללא,0,🏭 4️⃣(החרש),חכמת / עלי
75090,מסלול אומגה תקן 300,פרופילים ושלד,יח',מסלול אומגה תקן 300,ללא,1.8,🏟️ 1️⃣(התלמיד),עלי (פתוחה)
75300,ניצב אומגה תקן 300,פרופילים ושלד,יח',ניצב אומגה תקן 300,ללא,1.8,🏟️ 1️⃣(התלמיד),עלי (פתוחה)
76010,"בידוד מינרלי 12 ק""ג 24 מ""ר",בידוד ואקוסטיקה,שק,בידוד מינרלי,ללא,12,🏟️ 1️⃣(התלמיד),חכמת / עלי
76011,"בידוד מינרלי 12 ק""ג 18.2 מ""",בידוד ואקוסטיקה,שק,בידוד מינרלי,ללא,12,🏟️ 1️⃣(התלמיד),חכמת / עלי
76012,"בידוד מינרלי 24 ק""ג 12 מ""ר",בידוד ואקוסטיקה,שק,בידוד מינרלי,ללא,24,🏟️ 1️⃣(התלמיד),חכמת / עלי
76020,"בידוד מינרלי 12 ק""ג אלומיני",בידוד ואקוסטיקה,שק,בידוד מינרלי,ללא,12,🏟️ 1️⃣(התלמיד),חכמת / עלי
76071,בידוד לבן חשוף 250 גר' 120,בידוד ואקוסטיקה,יח',בידוד לבן חשוף 250 גר' 120,ללא,0,🏟️ 1️⃣(התלמיד),חכמת / עלי
76690,"תופסן סרט לבידוד 660 מ""מ",בידוד ואקוסטיקה,גליל,תופסן סרט לבידוד,ללא,0,🏟️ 1️⃣(התלמיד),חכמת / עלי
76705,קומפריבנד 50 25 מ.א. פס איט,בידוד ואקוסטיקה,גליל,קומפריבנד 50,ללא,0,🏟️ 1️⃣(התלמיד),חכמת / עלי
76799,"סנדל ייצוב למשקוף 2 מ""מ",אחר,יח',סנדל ייצוב למשקוף,ללא,0,🏭 4️⃣(החרש),חכמת / עלי
111000,"לוח גבס לבן מ""ר **",לוחות גבס,יח',"לוח גבס לבן מ""ר **",ללא,0,🏟️ 1️⃣(התלמיד),עלי (פתוחה)
111200,לוח גבס לבן 200 ע 12.50,לוחות גבס,יח',לוח גבס לבן 200 ע 12.50,ללא,0,🏟️ 1️⃣(התלמיד),עלי (פתוחה)
111260,לוח גבס לבן 260 ע 12.50,לוחות גבס,יח',לוח גבס לבן 260 ע 12.50,ללא,0,🏟️ 1️⃣(התלמיד),עלי (פתוחה)
111280,לוח גבס לבן 280 ע 12.50,לוחות גבס,יח',לוח גבס לבן 280 ע 12.50,ללא,0,🏟️ 1️⃣(התלמיד),עלי (פתוחה)
111300,לוח גבס לבן 300 ע 12.50,לוחות גבס,יח',לוח גבס לבן 300 ע 12.50,ללא,0,🏟️ 1️⃣(התלמיד),עלי (פתוחה)
112000,"לוח גבס ירוק/ורוד מ""ר **",לוחות גבס,יח',"לוח גבס ירוק/ורוד מ""ר **",ללא,0,🏟️ 1️⃣(התלמיד),עלי (פתוחה)
112200,לוח גבס ירוק 200 ע 12.50,לוחות גבס,יח',לוח גבס ירוק 200 ע 12.50,ללא,0,🏟️ 1️⃣(התלמיד),עלי (פתוחה)
112260,לוח גבס ירוק 260 ע 12.50,לוחות גבס,יח',לוח גבס ירוק 260 ע 12.50,ללא,0,🏟️ 1️⃣(התלמיד),עלי (פתוחה)
112280,לוח גבס ירוק 280 ע 12.50,לוחות גבס,יח',לוח גבס ירוק 280 ע 12.50,ללא,0,🏟️ 1️⃣(התלמיד),עלי (פתוחה)
112300,לוח גבס ירוק 300 ע 12.50,לוחות גבס,יח',לוח גבס ירוק 300 ע 12.50,ללא,0,🏟️ 1️⃣(התלמיד),עלי (פתוחה)
113200,לוח גבס ורוד 200 ע 12.50,לוחות גבס,יח',לוח גבס ורוד 200 ע 12.50,ללא,0,🏟️ 1️⃣(התלמיד),עלי (פתוחה)
113260,לוח גבס ורוד 260 ע 12.50,לוחות גבס,יח',לוח גבס ורוד 260 ע 12.50,ללא,0,🏟️ 1️⃣(התלמיד),עלי (פתוחה)
114000,"לוח גבס כחול מ""ר **",לוחות גבס,יח',"לוח גבס כחול מ""ר **","משטח סבן (40 שקים) (מק""ט 60060)",25,🏭 4️⃣(החרש),עלי (פתוחה)
114260,לוח גבס כחול 260 ע 12.50,לוחות גבס,יח',לוח גבס כחול 260 ע 12.50,"משטח סבן (40 שקים) (מק""ט 60060)",25,🏭 4️⃣(החרש),עלי (פתוחה)
115200,לוח גבס 4K לבן 200 ע 12.50,לוחות גבס,יח',לוח גבס 4K לבן 200 ע 12.50,ללא,0,🏟️ 1️⃣(התלמיד),עלי (פתוחה)
115260,לוח גבס 4K לבן 260 ע 12.50,לוחות גבס,יח',לוח גבס 4K לבן 260 ע 12.50,ללא,0,🏟️ 1️⃣(התלמיד),עלי (פתוחה)
116000,"לוח גבס 4K ירוק/ורוד מ""ר **",לוחות גבס,יח',"לוח גבס 4K ירוק/ורוד מ""ר **",ללא,0,🏟️ 1️⃣(התלמיד),עלי (פתוחה)
116260,לוח גבס 4K ירוק 260 ע 12.50,לוחות גבס,יח',לוח גבס 4K ירוק 260 ע 12.50,ללא,0,🏟️ 1️⃣(התלמיד),עלי (פתוחה)
117000,"לוח גבס פיאנו מ""ר **",לוחות גבס,יח',"לוח גבס פיאנו מ""ר **",ללא,0,🏟️ 1️⃣(התלמיד),עלי (פתוחה)
119260,לוח גבס לבן 260 ע 9.50,לוחות גבס,יח',לוח גבס לבן 260 ע 9.50,ללא,0,🏟️ 1️⃣(התלמיד),עלי (פתוחה)
120200,לוח גבס סוג*ב*200,לוחות גבס,יח',לוח גבס סוג*ב*200,ללא,0,🏟️ 1️⃣(התלמיד),עלי (פתוחה)
120260,לוח גבס סוג*ב*260,לוחות גבס,יח',לוח גבס סוג*ב*260,ללא,0,🏟️ 1️⃣(התלמיד),עלי (פתוחה)
122260,"צמנט בורד 260 ע 8 מ""מ",מליטה וצמנט,יח',צמנט בורד 260 ע,"משטח סבן (40 שקים) (מק""ט 60060)",25,🏭 4️⃣(החרש),עלי (פתוחה)
722060,"צ.סלעים ""2 עטוף 60 ק""ג 120/",אחר,שק,"צ.סלעים ""2 עטוף",ללא,60,🏭 4️⃣(החרש),חכמת / עלי
722080,"צ.סלעים ""2 עטוף 80 ק""ג 120/",אחר,שק,"צ.סלעים ""2 עטוף",ללא,80,🏭 4️⃣(החרש),חכמת / עלי
8510300,מסלול 0.5 100/300,פרופילים ושלד,יח',מסלול 0.5 100/300,ללא,1.8,🏟️ 1️⃣(התלמיד),עלי (פתוחה)
8528300,מסלול 0.5 28/300,פרופילים ושלד,יח',מסלול 0.5 28/300,ללא,1.8,🏟️ 1️⃣(התלמיד),עלי (פתוחה)
8537300,מסלול 0.5 37/300,פרופילים ושלד,יח',מסלול 0.5 37/300,ללא,1.8,🏟️ 1️⃣(התלמיד),עלי (פתוחה)
8550300,מסלול 0.5 50/300,פרופילים ושלד,יח',מסלול 0.5 50/300,ללא,1.8,🏟️ 1️⃣(התלמיד),עלי (פתוחה)
8570300,מסלול 0.5 70/300,פרופילים ושלד,יח',מסלול 0.5 70/300,ללא,1.8,🏟️ 1️⃣(התלמיד),עלי (פתוחה)
8650300,מסלול 0.6 50/300,פרופילים ושלד,יח',מסלול 0.6 50/300,ללא,1.8,🏟️ 1️⃣(התלמיד),עלי (פתוחה)
8670300,מסלול 0.6 70/300,פרופילים ושלד,יח',מסלול 0.6 70/300,ללא,1.8,🏟️ 1️⃣(התלמיד),עלי (פתוחה)
9510300,ניצב 0.5 100/300,פרופילים ושלד,יח',ניצב 0.5 100/300,ללא,1.8,🏟️ 1️⃣(התלמיד),עלי (פתוחה)
9528300,ניצב 0.5 28/300,פרופילים ושלד,יח',ניצב 0.5 28/300,ללא,1.8,🏟️ 1️⃣(התלמיד),עלי (פתוחה)
9537300,ניצב 0.5 37/300,פרופילים ושלד,יח',ניצב 0.5 37/300,ללא,1.8,🏟️ 1️⃣(התלמיד),עלי (פתוחה)
9550260,ניצב 0.5 50/260,פרופילים ושלד,יח',ניצב 0.5 50/260,ללא,1.8,🏟️ 1️⃣(התלמיד),עלי (פתוחה)
9550280,ניצב 0.5 50/280,פרופילים ושלד,יח',ניצב 0.5 50/280,ללא,1.8,🏟️ 1️⃣(התלמיד),עלי (פתוחה)
9550300,ניצב 0.5 50/300,פרופילים ושלד,יח',ניצב 0.5 50/300,ללא,1.8,🏟️ 1️⃣(התלמיד),עלי (פתוחה)
9570260,ניצב 0.5 70/260,פרופילים ושלד,יח',ניצב 0.5 70/260,ללא,1.8,🏟️ 1️⃣(התלמיד),עלי (פתוחה)
9570280,ניצב 0.5 70/280,פרופילים ושלד,יח',ניצב 0.5 70/280,ללא,1.8,🏟️ 1️⃣(התלמיד),עלי (פתוחה)
9570300,ניצב 0.5 70/300,פרופילים ושלד,יח',ניצב 0.5 70/300,ללא,1.8,🏟️ 1️⃣(התלמיד),עלי (פתוחה)
9650300,ניצב 0.6 50/300,פרופילים ושלד,יח',ניצב 0.6 50/300,ללא,1.8,🏟️ 1️⃣(התלמיד),עלי (פתוחה)
9670300,ניצב 0.6 70/300,פרופילים ושלד,יח',ניצב 0.6 70/300,ללא,1.8,🏟️ 1️⃣(התלמיד),עלי (פתוחה)
9870937,"לוח גבס סילבר בורד מ""ר **",לוחות גבס,יח',"לוח גבס סילבר בורד מ""ר **",ללא,0,🏟️ 1️⃣(התלמיד),עלי (פתוחה)
9872686,לוח דנסגלאס 2.4/1.2 ע 12.7,לוחות גבס,יח',לוח דנסגלאס 2.4/1.2 ע 12.7,ללא,0,🏟️ 1️⃣(התלמיד),עלי (פתוחה)
9873023,"לוח גבס סוג ב מ""ר **",לוחות גבס,יח',"לוח גבס סוג ב מ""ר **",ללא,0,🏟️ 1️⃣(התלמיד),עלי (פתוחה)
9873231,לוח גבס פיאנו 260 ע 12.50,לוחות גבס,יח',לוח גבס פיאנו 260 ע 12.50,ללא,0,🏟️ 1️⃣(התלמיד),עלי (פתוחה)
9876009,שפכטל CLEANEO להסרת שפכטל,שפכטלים,יח',שפכטל CLEANEO להסרת שפכטל,ללא,0,🏟️ 1️⃣(התלמיד),חכמת / עלי
9876084,מחבר אורך לפרופיל C60 חב' 1,פרופילים ושלד,יח',מחבר אורך לפרופיל C60 חב' 1,ללא,1.8,🏟️ 1️⃣(התלמיד),עלי (פתוחה)
9876085,מחבר כפול לפרופיל C60 חב' 1,פרופילים ושלד,יח',מחבר כפול לפרופיל C60 חב' 1,ללא,1.8,🏟️ 1️⃣(התלמיד),עלי (פתוחה)
9876371,לוח גבס ורוד 280 ע 15.90,לוחות גבס,יח',לוח גבס ורוד 280 ע 15.90,ללא,0,🏟️ 1️⃣(התלמיד),עלי (פתוחה)
9876797,ניצב F47 אורך 3 מטר,פרופילים ושלד,יח',ניצב F47 אורך,ללא,1.8,🏟️ 1️⃣(התלמיד),עלי (פתוחה)
9876798,מסלול F47 אורך 3 מטר,פרופילים ושלד,יח',מסלול F47 אורך,ללא,1.8,🏟️ 1️⃣(התלמיד),עלי (פתוחה)
9877475,"לוח גבס סטרונג לבן 16 מ""מ מ",לוחות גבס,יח',לוח גבס סטרונג לבן,ללא,0,🏟️ 1️⃣(התלמיד),עלי (פתוחה)
9877476,"לוח גבס סטרונג ירוק 16 מ""מ",לוחות גבס,יח',לוח גבס סטרונג ירוק,ללא,0,🏟️ 1️⃣(התלמיד),עלי (פתוחה)
9879230,תקרה אקוסטית פסיפיק 60/60,אחר,חב',תקרה אקוסטית פסיפיק 60/60,ללא,0,🏟️ 1️⃣(התלמיד),חכמת / עלי
9888918,פתח שרות 60/120 קלסאיק OPEN,אחר,יח',פתח שרות 60/120 קלסאיק OPEN,ללא,0,🏭 4️⃣(החרש),חכמת / עלי
731020020,פתח שרות 20 ORBOND,אחר,יח',פתח שרות 20 ORBOND,ללא,0,🏭 4️⃣(החרש),חכמת / עלי
731030030,פתח שרות 30 ORBOND,אחר,יח',פתח שרות 30 ORBOND,ללא,0,🏭 4️⃣(החרש),חכמת / עלי
731040040,פתח שרות 40 ORBOND,אחר,יח',פתח שרות 40 ORBOND,ללא,0,🏭 4️⃣(החרש),חכמת / עלי
731050050,פתח שרות 50 ORBOND,אחר,יח',פתח שרות 50 ORBOND,ללא,0,🏭 4️⃣(החרש),חכמת / עלי
731060040,פתח שרות 60/40 ORBOND,אחר,יח',פתח שרות 60/40 ORBOND,ללא,0,🏭 4️⃣(החרש),חכמת / עלי
731060060,פתח שרות 60 ORBOND,אחר,יח',פתח שרות 60 ORBOND,ללא,0,🏭 4️⃣(החרש),חכמת / עלי
732060060,פתח שרות 60 RUGSEMIN,אחר,יח',פתח שרות 60 RUGSEMIN,ללא,0,🏭 4️⃣(החרש),חכמת / עלי
732080080,פתח שרות 80 RUGSEMIN,אחר,יח',פתח שרות 80 RUGSEMIN,ללא,0,🏭 4️⃣(החרש),חכמת / עלי
735040040,פתח שרות 40 בייסיק OPEN ART,אחר,יח',פתח שרות 40 בייסיק OPEN ART,ללא,0,🏭 4️⃣(החרש),חכמת / עלי
735050050,פתח שרות 50 בייסיק OPEN ART,אחר,יח',פתח שרות 50 בייסיק OPEN ART,ללא,0,🏭 4️⃣(החרש),חכמת / עלי
18097,הובלת מנוף (אלעד),הובלות ומנוף,יח',הובלת מנוף (אלעד),ללא,0,🏭 4️⃣(החרש),חכמת (מנוף)
31014,פינת טיח 1014 גרמני 3 מטר,מליטה וצמנט,גליל,פינת טיח 1014 גרמני,"משטח סבן (40 שקים) (מק""ט 60060)",25,🏭 4️⃣(החרש),חכמת / עלי
30549,"מייק 10 מ""מ 3.00 מ.א",אחר,יח',מייק,ללא,0,🏭 4️⃣(החרש),חכמת / עלי
24280,"רשת טיח לממ""ד לבן 2.8 מ""מ 45 מ.א",מליטה וצמנט,גליל,"רשת טיח לממ""ד לבן","משטח סבן (40 שקים) (מק""ט 60060)",25,🏭 4️⃣(החרש),חכמת / עלי
729020,מסמרי פלדה 50X3 ד.קישוט,ברגים ופרזול,יח',מסמרי פלדה 50X3 ד.קישוט,ללא,0,🏟️ 1️⃣(התלמיד),חכמת / עלי
1610300,"ברזל בניין 10 מ""מ 3 מ.א",ברגים ופרזול,יח',ברזל בניין,ללא,0,🏟️ 1️⃣(התלמיד),חכמת / עלי
58044,דלי עבודה שחור 10 ליטר,אחר,דלי,דלי עבודה שחור,ללא,10,🏭 4️⃣(החרש),חכמת / עלי
24112,ניילון ממוחזר 200 גליל,אחר,גליל,ניילון ממוחזר 200 גליל,ללא,0,🏭 4️⃣(החרש),חכמת / עלי
58102,שקית פסולת יוטה 25 יח',אחר,יח',שקית פסולת יוטה 25 יח',ללא,0,🏭 4️⃣(החרש),חכמת / עלי
24250,רשת טיח 20 50 מ.א.,מליטה וצמנט,גליל,רשת טיח 20,"משטח סבן (40 שקים) (מק""ט 60060)",25,🏭 4️⃣(החרש),חכמת / עלי
9870421,"מברשת רובי ""4",אחר,יח',"מברשת רובי ""4",ללא,0,🏭 4️⃣(החרש),חכמת / עלי
18095,"הובלת מנוף ראש העין-פ""ת",הובלות ומנוף,יח',"הובלת מנוף ראש העין-פ""ת",ללא,0,🏭 4️⃣(החרש),חכמת (מנוף)
1608320,רשת ברזל 8.0 20#20 3X2.5,ברגים ופרזול,יח',רשת ברזל 8.0 20#20 3X2.5,ללא,0,🏟️ 1️⃣(התלמיד),חכמת / עלי
24608,"יריעה APP י4 לבן 10 מ""ר",חומרי איטום,"מ""ר","יריעה APP י4 לבן 10 מ""ר",ללא,0,🏭 4️⃣(החרש),חכמת / עלי
24650,"פריימר ליריעות 474GS פח 15 ק""ג",צבע ופריימרים,שק,פריימר ליריעות 474GS פח,ללא,15,🏟️ 1️⃣(התלמיד),חכמת / עלי
24050,"גליל קרטון לריצוף 50 מ""ר",אחר,גליל,"גליל קרטון לריצוף 50 מ""ר",ללא,0,🏭 4️⃣(החרש),חכמת / עלי
53009,סופרקריל לבן 18 ליטר,צבע ופריימרים,יח',סופרקריל לבן,ללא,18,🏟️ 1️⃣(התלמיד),חכמת / עלי
650286,"רולר פס צהוב פרלון ""9",אחר,יח',"רולר פס צהוב פרלון ""9",ללא,0,🏭 4️⃣(החרש),חכמת / עלי
640012,דיסק ברזל 1.6X4.5 גמל,ברגים ופרזול,יח',דיסק ברזל 1.6X4.5 גמל,ללא,0,🏟️ 1️⃣(התלמיד),חכמת / עלי
18109,"הובלת מנוף (צ.שרון,כ.יונה)",הובלות ומנוף,יח',"הובלת מנוף (צ.שרון,כ.יונה)",ללא,0,🏭 4️⃣(החרש),חכמת (מנוף)
41909,שומר מרחק נדל 25 100 מ.א.,אחר,גליל,שומר מרחק נדל 25,ללא,0,🏭 4️⃣(החרש),חכמת / עלי
114200,לוח גבס כחול 200 ע 12.50,לוחות גבס,יח',לוח גבס כחול 200 ע 12.50,"משטח סבן (40 שקים) (מק""ט 60060)",25,🏭 4️⃣(החרש),עלי (פתוחה)
15090,"רוקבונד 28 ק""ג",שפכטלים,שק,רוקבונד,ללא,28,🏟️ 1️⃣(התלמיד),חכמת / עלי
57076,"פרופילה 5 ק""ג",פרופילים ושלד,שק,פרופילה,ללא,1.8,🏟️ 1️⃣(התלמיד),עלי (פתוחה)
14075,"טיח גבס 75MP שק 25 ק""ג",מליטה וצמנט,שק,טיח גבס 75MP שק,"משטח סבן (40 שקים) (מק""ט 60060)",25,🏭 4️⃣(החרש),עלי (פתוחה)
9882409,רשת ברזל ג' חם 4.2 10#10 2.1X2.9,ברגים ופרזול,יח',רשת ברזל ג' חם 4.2 10#10 2.1X2.9,ללא,0,🏟️ 1️⃣(התלמיד),חכמת / עלי
4910200,H10 וולקן מ.א.,אחר,גליל,H10 וולקן מ.א.,ללא,0,🏭 4️⃣(החרש),חכמת / עלי
18075,הובלת מנוף רמת גן-גבעתיים,הובלות ומנוף,יח',הובלת מנוף רמת גן-גבעתיים,ללא,0,🏭 4️⃣(החרש),חכמת (מנוף)
90018900,סולר - ליטר,חביות וכימיקלים,יח',סולר - ליטר,ללא,1,🏭 4️⃣(החרש),חכמת / עלי
70070446,מגורי עובדים זרים,אחר,יח',מגורי עובדים זרים,ללא,0,🏭 4️⃣(החרש),חכמת / עלי
47073050,בלוק לבן/קל 7/30/50,בלוקים ומוצרי בטון,יח',בלוק לבן/קל 7/30/50,"משטח בלוקים (75/100/150 יח') (מק""ט 60006)",0,🏭 4️⃣(החרש),חכמת (מנוף)
47053050,בלוק לבן/קל 5/30/50,בלוקים ומוצרי בטון,יח',בלוק לבן/קל 5/30/50,"משטח בלוקים (75/100/150 יח') (מק""ט 60006)",0,🏭 4️⃣(החרש),חכמת (מנוף)
47202560,בלוק לבן/קל 20/25/60,בלוקים ומוצרי בטון,יח',בלוק לבן/קל 20/25/60,"משטח בלוקים (75/100/150 יח') (מק""ט 60006)",18,🏭 4️⃣(החרש),חכמת (מנוף)
47052560,בלוק לבן/קל 5/25/60,בלוקים ומוצרי בטון,יח',בלוק לבן/קל 5/25/60,"משטח בלוקים (75/100/150 יח') (מק""ט 60006)",0,🏭 4️⃣(החרש),חכמת (מנוף)
47105060,בלוק לבן/קל 10/50/60,בלוקים ומוצרי בטון,יח',בלוק לבן/קל 10/50/60,"משטח בלוקים (75/100/150 יח') (מק""ט 60006)",12,🏭 4️⃣(החרש),חכמת (מנוף)
41546,להבים LBD OLFA 50,אחר,יח',להבים LBD OLFA 50,ללא,0,🏭 4️⃣(החרש),חכמת / עלי
41544,להבים לסכין יפני רחב,כלי עבודה,יח',להבים לסכין יפני רחב,ללא,0,🏭 4️⃣(החרש),חכמת / עלי
41543,להבים לסכין יפני STANLEY,כלי עבודה,יח',להבים לסכין יפני STANLEY,ללא,0,🏭 4️⃣(החרש),חכמת / עלי
42702,סכין יפני רחב כתום,כלי עבודה,יח',סכין יפני רחב כתום,ללא,0,🏭 4️⃣(החרש),חכמת / עלי
15453,סופר 7 שקוף 290ML,דבקים וסיליקון,יח',סופר 7 שקוף 290ML,ללא,0,🏭 4️⃣(החרש),חכמת / עלי
15454,סופר 7 לבן ML290,דבקים וסיליקון,יח',סופר 7 לבן ML290,ללא,0,🏭 4️⃣(החרש),חכמת / עלי
1610600,"ברזל בניין 10 מ""מ 6 מ.א.",ברזל ומתכת,יח',"ברזל בניין 10 מ""מ 6 מ.א.",ללא,0,🏟️ 1️⃣(התלמיד),חכמת / עלי
1612600,"ברזל בניין 12 מ""מ 6 מ.א.",ברזל ומתכת,יח',"ברזל בניין 12 מ""מ 6 מ.א.",ללא,0,🏟️ 1️⃣(התלמיד),חכמת / עלי
1614600,"ברזל בניין 14 מ""מ 6 מ.א.",ברזל ומתכת,יח',"ברזל בניין 14 מ""מ 6 מ.א.",ללא,0,🏟️ 1️⃣(התלמיד),חכמת / עלי
1665320,רשת ברזל 6.5 20#20 2.5X3,ברזל ומתכת,יח',רשת ברזל 6.5 20#20 2.5X3,ללא,0,🏟️ 1️⃣(התלמיד),חכמת / עלי
53018,בונדרול סופר 16 ליטר,צבע ופריימרים,יח',בונדרול סופר,ללא,16,🏭 4️⃣(החרש),חכמת / עלי
58053,דלי צבע לבן 18 ליטר,צבע ופריימרים,דלי,דלי צבע לבן,ללא,18,🏟️ 1️⃣(התלמיד),חכמת / עלי
